Data,Hora,Linha,Status Novo,Status Antigo
2025-12-15,15:24:03,Linha 15 – Prata,Operação Normal,Paralizada
2025-12-15,15:32:53,Linha 3 – Vermelha,Operação Normal,Velocidade reduzida
2025-12-15,15:54:28,Linha 2 – Verde,Operação Normal,Velocidade Reduzida,
2025-12-15,16:40:14,CPTM – Linha 11 – Coral,Operação normal,Velocidade Reduzida,
2025-12-15,19:25:53,Linha 2 – Verde,Velocidade Reduzida,Operação Normal,Velocidade Reduzida
2025-12-15,20:28:10,Linha 2 – Verde,Operação Normal,Velocidade Reduzida,
2025-12-16,00:50:10,Linha 1 – Azul,Operação Encerrada,Operação Normal,
2025-12-16,00:50:11,Linha 2 – Verde,Operação Encerrada,Operação Normal,
2025-12-16,00:50:11,Linha 3 – Vermelha,Operação Encerrada,Operação Normal,
2025-12-16,00:50:12,Linha 4 – Amarela,Operação Encerrada,Operação Normal,
2025-12-16,00:50:12,Linha 5 – Lilás,Operação Encerrada,Operação Normal,
2025-12-16,00:50:16,Linha 15 – Prata,Operação Encerrada,Operação Normal,
2025-12-16,04:51:30,Linha 1 – Azul,Operação Normal,Operação Encerrada,
2025-12-16,04:51:30,Linha 2 – Verde,Operação Normal,Operação Encerrada,
2025-12-16,04:51:31,Linha 3 – Vermelha,Operação Normal,Operação Encerrada,
2025-12-16,04:51:31,Linha 4 – Amarela,Operação Normal,Operação Encerrada,
2025-12-16,04:51:32,Linha 5 – Lilás,Operação Normal,Operação Encerrada,
2025-12-16,04:51:36,Linha 15 – Prata,Operação Normal,Operação Encerrada,
2025-12-16,16:51:50,Linha 4 – Amarela,Dados indisponíveis,Operação Normal,
2025-12-16,16:54:32,Linha 4 – Amarela,Operação Normal,Dados indisponíveis,
2025-12-16,17:24:33,CPTM – Linha 7 – Rubi,Status indisponível,Operação normal,Falha ao carregar site da CPTM
2025-12-16,17:24:33,CPTM – Linha 8 – Diamante,Status indisponível,Operação normal,Falha ao carregar site da CPTM
2025-12-16,17:24:34,CPTM – Linha 9 – Esmeralda,Status indisponível,Operação normal,Falha ao carregar site da CPTM
2025-12-16,17:24:34,CPTM – Linha 10 – Turquesa,Status indisponível,Operação normal,Falha ao carregar site da CPTM
2025-12-16,17:24:35,CPTM – Linha 11 – Coral,Status indisponível,Operação normal,Falha ao carregar site da CPTM
2025-12-16,17:24:39,CPTM – Linha 12 – Safira,Status indisponível,Operação normal,Falha ao carregar site da CPTM
2025-12-16,17:24:39,CPTM – Linha 13 – Jade,Status indisponível,Operação normal,Falha ao carregar site da CPTM
2025-12-16,17:54:28,CPTM – Linha 10 – Turquesa,Operação normal,Status indisponível,
2025-12-16,17:54:28,CPTM – Linha 12 – Safira,Operação normal,Status indisponível,
2025-12-16,17:54:28,CPTM – Linha 11 – Coral,Operação normal,Status indisponível,
2025-12-16,17:54:29,CPTM – Linha 7 – Rubi,Operação normal,Status indisponível,
2025-12-16,17:54:29,CPTM – Linha 9 – Esmeralda,Operação normal,Status indisponível,
2025-12-16,17:54:33,CPTM – Linha 8 – Diamante,Operação normal,Status indisponível,
2025-12-16,17:54:33,CPTM – Linha 13 – Jade,Operação normal,Status indisponível,
2025-12-17,00:36:45,Linha 1 – Azul,Operação Encerrada,Operação Normal,
2025-12-17,00:36:46,Linha 2 – Verde,Operação Encerrada,Operação Normal,
2025-12-17,00:36:46,Linha 3 – Vermelha,Operação Encerrada,Operação Normal,
2025-12-17,00:36:47,Linha 4 – Amarela,Operação Encerrada,Operação Normal,
2025-12-17,00:36:47,Linha 5 – Lilás,Operação Encerrada,Operação Normal,
2025-12-17,00:36:51,Linha 15 – Prata,Operação Encerrada,Operação Normal,
2025-12-17,04:45:28,Linha 1 – Azul,Operação Normal,Operação Encerrada,
2025-12-17,04:45:28,Linha 2 – Verde,Operação Normal,Operação Encerrada,
2025-12-17,04:45:29,Linha 3 – Vermelha,Operação Normal,Operação Encerrada,
2025-12-17,04:45:30,Linha 4 – Amarela,Operação Normal,Operação Encerrada,
2025-12-17,04:45:30,Linha 15 – Prata,Operação Normal,Operação Encerrada,
2025-12-17,05:25:23,Linha 5 – Lilás,Operação Normal,Operação Encerrada,
2025-12-17,06:20:30,Linha 4 – Amarela,Dados indisponíveis,Operação Normal,
2025-12-17,06:45:20,Linha 4 – Amarela,Operação Normal,Dados indisponíveis,
2025-12-18,00:11:58,Linha 1 – Azul,Operação Encerrada,Operação Normal,
2025-12-18,00:11:58,Linha 2 – Verde,Operação Encerrada,Operação Normal,
2025-12-18,00:11:59,Linha 3 – Vermelha,Operação Encerrada,Operação Normal,
2025-12-18,00:11:59,Linha 4 – Amarela,Operação Encerrada,Operação Normal,
2025-12-18,00:12:00,Linha 15 – Prata,Operação Encerrada,Operação Normal,
2025-12-18,01:03:42,Linha 5 – Lilás,Operação Encerrada,Operação Normal,
2025-12-18,04:44:22,Linha 1 – Azul,Operação Normal,Operação Encerrada,
2025-12-18,04:44:22,Linha 2 – Verde,Operação Normal,Operação Encerrada,
2025-12-18,04:44:23,Linha 3 – Vermelha,Operação Normal,Operação Encerrada,
2025-12-18,04:44:23,Linha 4 – Amarela,Operação Normal,Operação Encerrada,
2025-12-18,04:44:24,Linha 5 – Lilás,Operação Normal,Operação Encerrada,
2025-12-18,04:44:28,Linha 15 – Prata,Operação Normal,Operação Encerrada,
2025-12-19,00:38:56,Linha 1 – Azul,Operação Encerrada,Operação Normal,
2025-12-19,00:38:57,Linha 2 – Verde,Operação Encerrada,Operação Normal,
2025-12-19,00:38:58,Linha 3 – Vermelha,Operação Encerrada,Operação Normal,
2025-12-19,00:38:58,Linha 4 – Amarela,Operação Encerrada,Operação Normal,
2025-12-19,00:38:59,Linha 5 – Lilás,Operação Encerrada,Operação Normal,
2025-12-19,00:39:02,Linha 15 – Prata,Operação Encerrada,Operação Normal,
2025-12-19,04:43:20,Linha 1 – Azul,Operação Normal,Operação Encerrada,
2025-12-19,04:43:20,Linha 2 – Verde,Operação Normal,Operação Encerrada,
2025-12-19,04:43:21,Linha 3 – Vermelha,Operação Normal,Operação Encerrada,
2025-12-19,04:43:22,Linha 4 – Amarela,Operação Normal,Operação Encerrada,
2025-12-19,04:43:22,Linha 5 – Lilás,Operação Normal,Operação Encerrada,
2025-12-19,04:43:26,Linha 15 – Prata,Operação Normal,Operação Encerrada,
2025-12-20,00:05:47,Linha 1 – Azul,Operação Encerrada,Operação Normal,
2025-12-20,00:05:47,Linha 2 – Verde,Operação Encerrada,Operação Normal,
2025-12-20,00:05:48,Linha 3 – Vermelha,Operação Encerrada,Operação Normal,
2025-12-20,00:05:48,Linha 4 – Amarela,Operação Encerrada,Operação Normal,
2025-12-20,00:05:49,Linha 5 – Lilás,Operação Encerrada,Operação Normal,
2025-12-20,00:05:52,Linha 15 – Prata,Operação Encerrada,Operação Normal,
2025-12-20,04:44:11,Linha 1 – Azul,Operação Normal,Operação Encerrada,
2025-12-20,04:44:11,Linha 2 – Verde,Operação Normal,Operação Encerrada,
2025-12-20,04:44:11,Linha 3 – Vermelha,Operação Normal,Operação Encerrada,
2025-12-20,04:44:12,Linha 4 – Amarela,Operação Normal,Operação Encerrada,
2025-12-20,04:44:12,Linha 5 – Lilás,Operação Normal,Operação Encerrada,
2025-12-20,04:44:16,Linha 15 – Prata,Operação Normal,Operação Encerrada,
2025-12-21,04:39:59,Linha 1 – Azul,Operação Normal,Operação Especial,
2025-12-21,04:40:00,Linha 2 – Verde,Operação Normal,Operação Especial,
2025-12-21,04:40:00,Linha 3 – Vermelha,Operação Normal,Operação Especial,
2025-12-21,04:49:19,Linha 4 – Amarela,Operação Normal,Operação Encerrada,
2025-12-21,04:49:19,Linha 5 – Lilás,Operação Normal,Operação Encerrada,
2025-12-21,15:21:18,Linha 1 – Azul,Operação normal,Operação Normal,
2025-12-21,15:21:18,Linha 2 – Verde,Operação normal,Operação Normal,
2025-12-21,15:21:19,Linha 3 – Vermelha,Operação normal,Operação Normal,
2025-12-21,15:21:19,Linha 4 – Amarela,Operação normal,Operação Normal,
2025-12-21,15:21:20,Linha 5 – Lilás,Operação normal,Operação Normal,
2025-12-21,15:21:23,Linha 15 – Prata,Operação normal,Paralisada,
2025-12-21,16:58:21,Linha 5 – Lilás,Velocidade Reduzida,Operação normal,5 Lilás Velocidade Reduzida
2025-12-21,17:27:14,Linha 5 – Lilás,Operação normal,Velocidade Reduzida,
2025-12-22,04:41:52,Linha 1 – Azul,Operação normal,Operação Paralisada,
2025-12-22,04:41:53,Linha 2 – Verde,Operação normal,Operação Paralisada,
2025-12-22,04:41:53,Linha 3 – Vermelha,Operação normal,Operação Paralisada,
2025-12-22,04:41:54,Linha 4 – Amarela,Operação normal,Operação Paralisada,
2025-12-22,04:41:54,Linha 5 – Lilás,Operação normal,Operação Paralisada,
2025-12-22,04:41:58,Linha 15 – Prata,Operação normal,Operação Paralisada,
2025-12-23,00:05:15,Linha 1 – Azul,Operação Paralisada,Operação normal,1 Azul Operação Encerrada
2025-12-23,00:05:15,Linha 2 – Verde,Operação Paralisada,Operação normal,2 Verde Operação Encerrada
2025-12-23,00:05:15,Linha 3 – Vermelha,Operação Paralisada,Operação normal,3 Vermelha Operação Encerrada
2025-12-23,00:05:16,Linha 4 – Amarela,Operação Paralisada,Operação normal,4 Amarela Operação Encerrada
2025-12-23,00:05:16,Linha 5 – Lilás,Operação Paralisada,Operação normal,5 Lilás Operação Encerrada
2025-12-23,00:05:20,Linha 15 – Prata,Operação Paralisada,Operação normal,15 Prata Operação Encerrada
2025-12-23,04:50:26,Linha 1 – Azul,Operação normal,Operação Paralisada,
2025-12-23,04:50:27,Linha 2 – Verde,Operação normal,Operação Paralisada,
2025-12-23,04:50:27,Linha 3 – Vermelha,Operação normal,Operação Paralisada,
2025-12-23,04:50:28,Linha 4 – Amarela,Operação normal,Operação Paralisada,
2025-12-23,04:50:28,Linha 5 – Lilás,Operação normal,Operação Paralisada,
2025-12-23,04:50:32,Linha 15 – Prata,Operação normal,Operação Paralisada,
2025-12-24,01:00:10,Linha 1 – Azul,Operação Paralisada,Operação normal,1 Azul Operação Encerrada
2025-12-24,01:00:10,Linha 2 – Verde,Operação Paralisada,Operação normal,2 Verde Operação Encerrada
2025-12-24,01:00:11,Linha 3 – Vermelha,Operação Paralisada,Operação normal,3 Vermelha Operação Encerrada
2025-12-24,01:00:11,Linha 4 – Amarela,Operação Paralisada,Operação normal,4 Amarela Operação Encerrada
2025-12-24,01:00:12,Linha 5 – Lilás,Operação Paralisada,Operação normal,5 Lilás Operação Encerrada
2025-12-24,01:00:15,Linha 15 – Prata,Operação Paralisada,Operação normal,15 Prata Operação Encerrada
2025-12-24,04:46:51,Linha 1 – Azul,Operação normal,Operação Paralisada,
2025-12-24,04:46:52,Linha 2 – Verde,Operação normal,Operação Paralisada,
2025-12-24,04:46:52,Linha 3 – Vermelha,Operação normal,Operação Paralisada,
2025-12-24,04:46:53,Linha 4 – Amarela,Operação normal,Operação Paralisada,
2025-12-24,04:46:53,Linha 5 – Lilás,Operação normal,Operação Paralisada,
2025-12-24,04:46:57,Linha 15 – Prata,Operação normal,Operação Paralisada,
2025-12-24,18:44:16,Linha 3 – Vermelha,Velocidade Reduzida,Operação normal,3 Vermelha Velocidade Reduzida
2025-12-24,18:53:23,Linha 3 – Vermelha,Operação normal,Velocidade Reduzida,
2025-12-25,00:42:25,Linha 1 – Azul,Operação Paralisada,Operação normal,1 Azul Operação Encerrada
2025-12-25,00:42:25,Linha 2 – Verde,Operação Paralisada,Operação normal,2 Verde Operação Encerrada
2025-12-25,00:42:26,Linha 3 – Vermelha,Operação Paralisada,Operação normal,3 Vermelha Operação Encerrada
2025-12-25,00:42:26,Linha 4 – Amarela,Operação Paralisada,Operação normal,4 Amarela Operação Encerrada
2025-12-25,00:42:27,Linha 5 – Lilás,Operação Paralisada,Operação normal,5 Lilás Operação Encerrada
2025-12-25,00:42:30,Linha 15 – Prata,Operação Paralisada,Operação normal,15 Prata Operação Encerrada
2025-12-25,04:49:57,Linha 1 – Azul,Operação normal,Operação Paralisada,
2025-12-25,04:49:58,Linha 2 – Verde,Operação normal,Operação Paralisada,
2025-12-25,04:49:58,Linha 3 – Vermelha,Operação normal,Operação Paralisada,
2025-12-25,04:49:59,Linha 4 – Amarela,Operação normal,Operação Paralisada,
2025-12-25,04:50:00,Linha 5 – Lilás,Operação normal,Operação Paralisada,
2025-12-25,04:50:03,Linha 15 – Prata,Operação normal,Operação Paralisada,
2025-12-26,00:40:28,Linha 1 – Azul,Operação Paralisada,Operação normal,1 Azul Operação Encerrada
2025-12-26,00:40:29,Linha 2 – Verde,Operação Paralisada,Operação normal,2 Verde Operação Encerrada
2025-12-26,00:40:29,Linha 3 – Vermelha,Operação Paralisada,Operação normal,3 Vermelha Operação Encerrada
2025-12-26,00:40:30,Linha 4 – Amarela,Operação Paralisada,Operação normal,4 Amarela Operação Encerrada
2025-12-26,00:40:30,Linha 5 – Lilás,Operação Paralisada,Operação normal,5 Lilás Operação Encerrada
2025-12-26,00:40:34,Linha 15 – Prata,Operação Paralisada,Operação normal,15 Prata Operação Encerrada
2025-12-26,04:43:58,Linha 1 – Azul,Operação normal,Operação Paralisada,
2025-12-26,04:43:58,Linha 2 – Verde,Operação normal,Operação Paralisada,
2025-12-26,04:43:58,Linha 3 – Vermelha,Operação normal,Operação Paralisada,
2025-12-26,04:43:59,Linha 4 – Amarela,Operação normal,Operação Paralisada,
2025-12-26,04:43:59,Linha 5 – Lilás,Operação normal,Operação Paralisada,
2025-12-26,04:44:03,Linha 15 – Prata,Operação normal,Operação Paralisada,
2025-12-27,00:39:11,Linha 1 – Azul,Operação Paralisada,Operação normal,1 Azul Operação Encerrada
2025-12-27,00:39:12,Linha 2 – Verde,Operação Paralisada,Operação normal,2 Verde Operação Encerrada
2025-12-27,00:39:12,Linha 3 – Vermelha,Operação Paralisada,Operação normal,3 Vermelha Operação Encerrada
2025-12-27,00:39:13,Linha 4 – Amarela,Operação Paralisada,Operação normal,4 Amarela Operação Encerrada
2025-12-27,00:39:14,Linha 5 – Lilás,Operação Paralisada,Operação normal,5 Lilás Operação Encerrada
2025-12-27,00:39:17,Linha 15 – Prata,Operação Paralisada,Operação normal,15 Prata Operação Encerrada
2025-12-27,04:44:10,Linha 1 – Azul,Operação normal,Operação Paralisada,
2025-12-27,04:44:10,Linha 2 – Verde,Operação normal,Operação Paralisada,
2025-12-27,04:44:11,Linha 3 – Vermelha,Operação normal,Operação Paralisada,
2025-12-27,04:44:11,Linha 4 – Amarela,Operação normal,Operação Paralisada,
2025-12-27,04:44:12,Linha 5 – Lilás,Operação normal,Operação Paralisada,
2025-12-27,04:44:15,Linha 15 – Prata,Operação normal,Operação Paralisada,
2025-12-27,04:53:41,Linha 3 – Vermelha,Velocidade Reduzida,Operação normal,3 Vermelha Velocidade Reduzida
2025-12-27,05:43:42,Linha 3 – Vermelha,Operação normal,Velocidade Reduzida,
2025-12-27,15:58:10,Linha 3 – Vermelha,Velocidade Reduzida,Operação normal,3 Vermelha Velocidade Reduzida
2025-12-27,16:19:20,Linha 3 – Vermelha,Operação normal,Velocidade Reduzida,
2025-12-28,00:21:28,Linha 4 – Amarela,Operação Paralisada,Operação normal,4 Amarela Operação Encerrada
2025-12-28,00:21:29,Linha 5 – Lilás,Operação Paralisada,Operação normal,5 Lilás Operação Encerrada
2025-12-28,04:49:00,Linha 4 – Amarela,Operação normal,Operação Paralisada,
2025-12-28,04:49:00,Linha 5 – Lilás,Operação normal,Operação Paralisada,
2025-12-29,00:59:05,Linha 1 – Azul,Operação Paralisada,Operação normal,1 Azul Operação Encerrada
2025-12-29,00:59:05,Linha 2 – Verde,Operação Paralisada,Operação normal,2 Verde Operação Encerrada
2025-12-29,00:59:06,Linha 3 – Vermelha,Operação Paralisada,Operação normal,3 Vermelha Operação Encerrada
2025-12-29,00:59:06,Linha 4 – Amarela,Operação Paralisada,Operação normal,4 Amarela Operação Encerrada
2025-12-29,00:59:07,Linha 5 – Lilás,Operação Paralisada,Operação normal,5 Lilás Operação Encerrada
2025-12-29,00:59:11,Linha 15 – Prata,Operação Paralisada,Operação normal,15 Prata Operação Encerrada
2025-12-29,04:40:24,Linha 1 – Azul,Operação normal,Operação Paralisada,
2025-12-29,04:40:25,Linha 2 – Verde,Operação normal,Operação Paralisada,
2025-12-29,04:40:25,Linha 3 – Vermelha,Operação normal,Operação Paralisada,
2025-12-29,04:40:26,Linha 4 – Amarela,Operação normal,Operação Paralisada,
2025-12-29,04:40:26,Linha 5 – Lilás,Operação normal,Operação Paralisada,
2025-12-29,04:40:30,Linha 15 – Prata,Operação normal,Operação Paralisada,
2025-12-30,00:45:42,Linha 1 – Azul,Operação Paralisada,Operação normal,1 Azul Operação Encerrada
2025-12-30,00:45:42,Linha 2 – Verde,Operação Paralisada,Operação normal,2 Verde Operação Encerrada
2025-12-30,00:45:43,Linha 3 – Vermelha,Operação Paralisada,Operação normal,3 Vermelha Operação Encerrada
2025-12-30,00:45:44,Linha 4 – Amarela,Operação Paralisada,Operação normal,4 Amarela Operação Encerrada
2025-12-30,00:45:44,Linha 5 – Lilás,Operação Paralisada,Operação normal,5 Lilás Operação Encerrada
2025-12-30,00:45:48,Linha 15 – Prata,Operação Paralisada,Operação normal,15 Prata Operação Encerrada
2025-12-30,04:41:38,Linha 1 – Azul,Operação normal,Operação Paralisada,
2025-12-30,04:41:38,Linha 2 – Verde,Operação normal,Operação Paralisada,
2025-12-30,04:41:39,Linha 3 – Vermelha,Operação normal,Operação Paralisada,
2025-12-30,04:41:39,Linha 4 – Amarela,Operação normal,Operação Paralisada,
2025-12-30,04:41:40,Linha 5 – Lilás,Operação normal,Operação Paralisada,
2025-12-30,04:41:43,Linha 15 – Prata,Operação normal,Operação Paralisada,
2025-12-31,00:46:49,Linha 1 – Azul,Operação Paralisada,Operação normal,1 Azul Operação Encerrada
2025-12-31,00:46:49,Linha 2 – Verde,Operação Paralisada,Operação normal,2 Verde Operação Encerrada
2025-12-31,00:46:50,Linha 3 – Vermelha,Operação Paralisada,Operação normal,3 Vermelha Operação Encerrada
2025-12-31,00:46:50,Linha 4 – Amarela,Operação Paralisada,Operação normal,4 Amarela Operação Encerrada
2025-12-31,00:46:51,Linha 5 – Lilás,Operação Paralisada,Operação normal,5 Lilás Operação Encerrada
2025-12-31,00:46:54,Linha 15 – Prata,Operação Paralisada,Operação normal,15 Prata Operação Encerrada
2025-12-31,04:45:12,Linha 1 – Azul,Operação normal,Operação Paralisada,
2025-12-31,04:45:13,Linha 2 – Verde,Operação normal,Operação Paralisada,
2025-12-31,04:45:13,Linha 3 – Vermelha,Operação normal,Operação Paralisada,
2025-12-31,04:45:14,Linha 4 – Amarela,Operação normal,Operação Paralisada,
2025-12-31,04:45:14,Linha 5 – Lilás,Operação normal,Operação Paralisada,
2025-12-31,04:45:18,Linha 15 – Prata,Operação normal,Operação Paralisada,
2026-01-02,04:46:33,Linha 1 – Azul,Operação normal,Operação Paralisada,
2026-01-02,04:46:33,Linha 2 – Verde,Operação normal,Operação Paralisada,
2026-01-02,04:46:34,Linha 3 – Vermelha,Operação normal,Operação Paralisada,
2026-01-02,04:46:34,Linha 4 – Amarela,Operação normal,Operação Paralisada,
2026-01-02,04:46:35,Linha 5 – Lilás,Operação normal,Operação Paralisada,
2026-01-02,04:46:38,Linha 15 – Prata,Operação normal,Operação Paralisada,
2026-01-02,06:40:51,Linha 2 – Verde,Velocidade Reduzida,Operação normal,2 Verde Velocidade Reduzida
2026-01-02,06:53:32,Linha 2 – Verde,Operação normal,Velocidade Reduzida,
2026-01-03,00:47:21,Linha 1 – Azul,Operação Paralisada,Operação normal,1 Azul Operação Encerrada
2026-01-03,00:47:22,Linha 2 – Verde,Operação Paralisada,Operação normal,2 Verde Operação Encerrada
2026-01-03,00:47:22,Linha 3 – Vermelha,Operação Paralisada,Operação normal,3 Vermelha Operação Encerrada
2026-01-03,00:47:23,Linha 4 – Amarela,Operação Paralisada,Operação normal,4 Amarela Operação Encerrada
2026-01-03,00:47:23,Linha 5 – Lilás,Operação Paralisada,Operação normal,5 Lilás Operação Encerrada
2026-01-03,00:47:27,Linha 15 – Prata,Operação Paralisada,Operação normal,15 Prata Operação Encerrada
2026-01-03,04:44:39,Linha 1 – Azul,Operação normal,Operação Paralisada,
2026-01-03,04:44:39,Linha 2 – Verde,Operação normal,Operação Paralisada,
2026-01-03,04:44:40,Linha 3 – Vermelha,Operação normal,Operação Paralisada,
2026-01-03,04:44:41,Linha 4 – Amarela,Operação normal,Operação Paralisada,
2026-01-03,04:44:41,Linha 5 – Lilás,Operação normal,Operação Paralisada,
2026-01-03,04:44:45,Linha 15 – Prata,Operação normal,Operação Paralisada,
2026-01-03,11:40:07,Linha 5 – Lilás,Velocidade Reduzida,Operação normal,5 Lilás Velocidade Reduzida
2026-01-04,04:40:12,Linha 4 – Amarela,Operação normal,Operação Paralisada,
2026-01-04,04:40:13,Linha 5 – Lilás,Operação normal,Operação Paralisada,
2026-01-05,00:22:24,Linha 1 – Azul,Operação Paralisada,Operação normal,1 Azul Operação Encerrada
2026-01-05,00:22:25,Linha 2 – Verde,Operação Paralisada,Operação normal,2 Verde Operação Encerrada
2026-01-05,00:22:25,Linha 3 – Vermelha,Operação Paralisada,Operação normal,3 Vermelha Operação Encerrada
2026-01-05,00:22:26,Linha 4 – Amarela,Operação Paralisada,Operação normal,4 Amarela Operação Encerrada
2026-01-05,00:22:26,Linha 5 – Lilás,Operação Paralisada,Operação normal,5 Lilás Operação Encerrada
2026-01-05,00:22:30,Linha 15 – Prata,Operação Paralisada,Operação normal,15 Prata Operação Encerrada
2026-01-05,04:53:23,Linha 1 – Azul,Operação normal,Operação Paralisada,
2026-01-05,04:53:24,Linha 2 – Verde,Operação normal,Operação Paralisada,
2026-01-05,04:53:24,Linha 3 – Vermelha,Operação normal,Operação Paralisada,
2026-01-05,04:53:25,Linha 4 – Amarela,Operação normal,Operação Paralisada,
2026-01-05,04:53:25,Linha 5 – Lilás,Operação normal,Operação Paralisada,
2026-01-05,04:53:29,Linha 15 – Prata,Operação normal,Operação Paralisada,
2026-01-06,00:19:40,Linha 1 – Azul,Operação Paralisada,Operação normal,1 Azul Operação Encerrada
2026-01-06,00:19:41,Linha 2 – Verde,Operação Paralisada,Operação normal,2 Verde Operação Encerrada
2026-01-06,00:19:41,Linha 3 – Vermelha,Operação Paralisada,Operação normal,3 Vermelha Operação Encerrada
2026-01-06,00:19:41,Linha 4 – Amarela,Operação Paralisada,Operação normal,4 Amarela Operação Encerrada
2026-01-06,00:19:42,Linha 5 – Lilás,Operação Paralisada,Operação normal,5 Lilás Operação Encerrada
2026-01-06,00:19:45,Linha 15 – Prata,Operação Paralisada,Operação normal,15 Prata Operação Encerrada
2026-01-06,04:49:21,Linha 1 – Azul,Operação normal,Operação Paralisada,
2026-01-06,04:49:22,Linha 2 – Verde,Operação normal,Operação Paralisada,
2026-01-06,04:49:22,Linha 3 – Vermelha,Operação normal,Operação Paralisada,
2026-01-06,04:49:23,Linha 4 – Amarela,Operação normal,Operação Paralisada,
2026-01-06,04:49:23,Linha 5 – Lilás,Operação normal,Operação Paralisada,
2026-01-06,04:49:27,Linha 15 – Prata,Operação normal,Operação Paralisada,
2026-01-07,00:20:15,Linha 1 – Azul,Operação Paralisada,Operação normal,1 Azul Operação Encerrada
2026-01-07,00:20:16,Linha 2 – Verde,Operação Paralisada,Operação normal,2 Verde Operação Encerrada
2026-01-07,00:20:16,Linha 3 – Vermelha,Operação Paralisada,Operação normal,3 Vermelha Operação Encerrada
2026-01-07,00:20:17,Linha 4 – Amarela,Operação Paralisada,Operação normal,4 Amarela Operação Encerrada
2026-01-07,00:20:17,Linha 5 – Lilás,Operação Paralisada,Operação normal,5 Lilás Operação Encerrada
2026-01-07,00:20:21,Linha 15 – Prata,Operação Paralisada,Operação normal,15 Prata Operação Encerrada
2026-01-07,04:49:30,Linha 1 – Azul,Operação normal,Operação Paralisada,
2026-01-07,04:49:31,Linha 2 – Verde,Operação normal,Operação Paralisada,
2026-01-07,04:49:31,Linha 3 – Vermelha,Operação normal,Operação Paralisada,
2026-01-07,04:49:32,Linha 4 – Amarela,Operação normal,Operação Paralisada,
2026-01-07,04:49:32,Linha 5 – Lilás,Operação normal,Operação Paralisada,
2026-01-07,04:49:36,Linha 15 – Prata,Operação normal,Operação Paralisada,
2026-01-08,00:02:24,Linha 1 – Azul,Operação Paralisada,Operação normal,1 Azul Operação Encerrada
2026-01-08,00:02:24,Linha 2 – Verde,Operação Paralisada,Operação normal,2 Verde Operação Encerrada
2026-01-08,00:02:25,Linha 3 – Vermelha,Operação Paralisada,Operação normal,3 Vermelha Operação Encerrada
2026-01-08,00:02:26,Linha 4 – Amarela,Operação Paralisada,Operação normal,4 Amarela Operação Encerrada
2026-01-08,00:02:26,Linha 5 – Lilás,Operação Paralisada,Operação normal,5 Lilás Operação Encerrada
2026-01-08,00:02:30,Linha 15 – Prata,Operação Paralisada,Operação normal,15 Prata Operação Encerrada
2026-01-08,04:47:00,Linha 1 – Azul,Operação normal,Operação Paralisada,
2026-01-08,04:47:01,Linha 2 – Verde,Operação normal,Operação Paralisada,
2026-01-08,04:47:01,Linha 3 – Vermelha,Operação normal,Operação Paralisada,
2026-01-08,04:47:02,Linha 4 – Amarela,Operação normal,Operação Paralisada,
2026-01-08,04:47:02,Linha 5 – Lilás,Operação normal,Operação Paralisada,
2026-01-08,04:47:06,Linha 15 – Prata,Operação normal,Operação Paralisada,
2026-01-08,10:55:06,Linha 15 – Prata,Velocidade Reduzida,Operação normal,15 Prata Velocidade Reduzida
2026-01-08,11:21:48,Linha 15 – Prata,Operação normal,Velocidade Reduzida,
2026-01-09,00:07:33,Linha 1 – Azul,Operação Paralisada,Operação normal,1 Azul Operação Encerrada
2026-01-09,00:07:34,Linha 2 – Verde,Operação Paralisada,Operação normal,2 Verde Operação Encerrada
2026-01-09,00:07:34,Linha 3 – Vermelha,Operação Paralisada,Operação normal,3 Vermelha Operação Encerrada
2026-01-09,00:07:34,Linha 4 – Amarela,Operação Paralisada,Operação normal,4 Amarela Operação Encerrada
2026-01-09,00:07:35,Linha 5 – Lilás,Operação Paralisada,Operação normal,5 Lilás Operação Encerrada
2026-01-09,00:07:38,Linha 15 – Prata,Operação Paralisada,Operação normal,15 Prata Operação Encerrada
2026-01-09,04:48:33,Linha 1 – Azul,Operação normal,Operação Paralisada,
2026-01-09,04:48:34,Linha 2 – Verde,Operação normal,Operação Paralisada,
2026-01-09,04:48:35,Linha 3 – Vermelha,Operação normal,Operação Paralisada,
2026-01-09,04:48:35,Linha 4 – Amarela,Operação normal,Operação Paralisada,
2026-01-09,04:48:36,Linha 5 – Lilás,Operação normal,Operação Paralisada,
2026-01-09,04:48:40,Linha 15 – Prata,Operação normal,Operação Paralisada,
2026-01-10,00:13:54,Linha 1 – Azul,Operação Paralisada,Operação normal,1 Azul Operação Encerrada
2026-01-10,00:13:55,Linha 2 – Verde,Operação Paralisada,Operação normal,2 Verde Operação Encerrada
2026-01-10,00:13:55,Linha 3 – Vermelha,Operação Paralisada,Operação normal,3 Vermelha Operação Encerrada
2026-01-10,00:13:55,Linha 4 – Amarela,Operação Paralisada,Operação normal,4 Amarela Operação Encerrada
2026-01-10,00:13:56,Linha 5 – Lilás,Operação Paralisada,Operação normal,5 Lilás Operação Encerrada
2026-01-10,00:13:59,Linha 15 – Prata,Operação Paralisada,Operação normal,15 Prata Operação Encerrada
2026-01-10,04:42:47,Linha 1 – Azul,Operação normal,Operação Paralisada,
2026-01-10,04:42:47,Linha 2 – Verde,Operação normal,Operação Paralisada,
2026-01-10,04:42:47,Linha 3 – Vermelha,Operação normal,Operação Paralisada,
2026-01-10,04:42:48,Linha 4 – Amarela,Operação normal,Operação Paralisada,
2026-01-10,04:42:48,Linha 5 – Lilás,Operação normal,Operação Paralisada,
2026-01-10,04:42:52,Linha 15 – Prata,Operação normal,Operação Paralisada,
2026-01-10,18:28:59,Linha 1 – Azul,Velocidade Reduzida,Operação normal,1 Azul Velocidade Reduzida
2026-01-10,19:28:49,Linha 1 – Azul,Operação normal,Velocidade Reduzida,
2026-01-11,00:22:47,Linha 1 – Azul,Operação Paralisada,Operação normal,1 Azul Operação Encerrada
2026-01-11,00:22:47,Linha 2 – Verde,Operação Paralisada,Operação normal,2 Verde Operação Encerrada
2026-01-11,00:22:48,Linha 3 – Vermelha,Operação Paralisada,Operação normal,3 Vermelha Operação Encerrada
2026-01-11,00:22:48,Linha 4 – Amarela,Operação Paralisada,Operação normal,4 Amarela Operação Encerrada
2026-01-11,00:22:49,Linha 5 – Lilás,Operação Paralisada,Operação normal,5 Lilás Operação Encerrada
2026-01-11,00:22:52,Linha 15 – Prata,Operação Paralisada,Operação normal,15 Prata Operação Encerrada
2026-01-11,04:45:07,Linha 1 – Azul,Operação normal,Operação Paralisada,
2026-01-11,04:45:08,Linha 2 – Verde,Operação normal,Operação Paralisada,
2026-01-11,04:45:08,Linha 3 – Vermelha,Operação normal,Operação Paralisada,
2026-01-11,04:45:09,Linha 4 – Amarela,Operação normal,Operação Paralisada,
2026-01-11,04:45:09,Linha 5 – Lilás,Operação normal,Operação Paralisada,
2026-01-11,04:45:13,Linha 15 – Prata,Operação normal,Operação Paralisada,
2026-01-11,18:43:11,Linha 1 – Azul,Velocidade Reduzida,Operação normal,1 Azul Velocidade Reduzida
2026-01-11,18:52:47,Linha 1 – Azul,Operação normal,Velocidade Reduzida,
2026-01-12,00:59:34,Linha 1 – Azul,Operação Paralisada,Operação normal,1 Azul Operação Encerrada
2026-01-12,00:59:35,Linha 2 – Verde,Operação Paralisada,Operação normal,2 Verde Operação Encerrada
2026-01-12,00:59:35,Linha 3 – Vermelha,Operação Paralisada,Operação normal,3 Vermelha Operação Encerrada
2026-01-12,00:59:36,Linha 4 – Amarela,Operação Paralisada,Operação normal,4 Amarela Operação Encerrada
2026-01-12,00:59:37,Linha 5 – Lilás,Operação Paralisada,Operação normal,5 Lilás Operação Encerrada
2026-01-12,00:59:40,Linha 15 – Prata,Operação Paralisada,Operação normal,15 Prata Operação Encerrada
2026-01-12,04:49:11,Linha 1 – Azul,Operação normal,Operação Paralisada,
2026-01-12,04:49:11,Linha 2 – Verde,Operação normal,Operação Paralisada,
2026-01-12,04:49:11,Linha 3 – Vermelha,Operação normal,Operação Paralisada,
2026-01-12,04:49:12,Linha 4 – Amarela,Operação normal,Operação Paralisada,
2026-01-12,04:49:12,Linha 5 – Lilás,Operação normal,Operação Paralisada,
2026-01-12,04:49:16,Linha 15 – Prata,Operação normal,Operação Paralisada,
2026-01-12,08:18:14,Linha 2 – Verde,Velocidade Reduzida,Operação normal,2 Verde Velocidade Reduzida
2026-01-12,08:37:00,Linha 2 – Verde,Operação normal,Velocidade Reduzida,
2026-01-12,16:12:11,Linha 3 – Vermelha,Velocidade Reduzida,Operação normal,3 Vermelha Velocidade Reduzida
2026-01-12,16:28:33,Linha 3 – Vermelha,Operação normal,Velocidade Reduzida,
2026-01-13,00:45:31,Linha 1 – Azul,Operação Paralisada,Operação normal,1 Azul Operação Encerrada
2026-01-13,00:45:32,Linha 2 – Verde,Operação Paralisada,Operação normal,2 Verde Operação Encerrada
2026-01-13,00:45:32,Linha 3 – Vermelha,Operação Paralisada,Operação normal,3 Vermelha Operação Encerrada
2026-01-13,00:45:33,Linha 4 – Amarela,Operação Paralisada,Operação normal,4 Amarela Operação Encerrada
2026-01-13,00:45:33,Linha 5 – Lilás,Operação Paralisada,Operação normal,5 Lilás Operação Encerrada
2026-01-13,00:45:37,Linha 15 – Prata,Operação Paralisada,Operação normal,15 Prata Operação Encerrada
2026-01-13,04:51:34,Linha 1 – Azul,Operação normal,Operação Paralisada,
2026-01-13,04:51:34,Linha 2 – Verde,Operação normal,Operação Paralisada,
2026-01-13,04:51:35,Linha 3 – Vermelha,Operação normal,Operação Paralisada,
2026-01-13,04:51:35,Linha 4 – Amarela,Operação normal,Operação Paralisada,
2026-01-13,04:51:36,Linha 5 – Lilás,Operação normal,Operação Paralisada,
2026-01-13,04:51:39,Linha 15 – Prata,Operação normal,Operação Paralisada,
2026-01-14,00:16:51,Linha 1 – Azul,Operação Paralisada,Operação normal,1 Azul Operação Encerrada
2026-01-14,00:16:52,Linha 2 – Verde,Operação Paralisada,Operação normal,2 Verde Operação Encerrada
2026-01-14,00:16:52,Linha 3 – Vermelha,Operação Paralisada,Operação normal,3 Vermelha Operação Encerrada
2026-01-14,00:16:53,Linha 4 – Amarela,Operação Paralisada,Operação normal,4 Amarela Operação Encerrada
2026-01-14,00:16:53,Linha 5 – Lilás,Operação Paralisada,Operação normal,5 Lilás Operação Encerrada
2026-01-14,00:16:57,Linha 15 – Prata,Operação Paralisada,Operação normal,15 Prata Operação Encerrada
2026-01-15,00:05:22,Linha 1 – Azul,Operação Paralisada,Operação normal,1 Azul Operação Encerrada
2026-01-15,00:05:22,Linha 2 – Verde,Operação Paralisada,Operação normal,2 Verde Operação Encerrada
2026-01-15,00:05:23,Linha 3 – Vermelha,Operação Paralisada,Operação normal,3 Vermelha Operação Encerrada
2026-01-15,00:05:23,Linha 4 – Amarela,Operação Paralisada,Operação normal,4 Amarela Operação Encerrada
2026-01-15,00:05:24,Linha 15 – Prata,Operação Paralisada,Operação normal,15 Prata Operação Encerrada
2026-01-15,01:10:06,Linha 5 – Lilás,Operação Paralisada,Operação normal,5 Lilás Operação Encerrada
2026-01-15,04:48:39,Linha 1 – Azul,Operação normal,Operação Paralisada,
2026-01-15,04:48:40,Linha 2 – Verde,Operação normal,Operação Paralisada,
2026-01-15,04:48:40,Linha 3 – Vermelha,Operação normal,Operação Paralisada,
2026-01-15,04:48:41,Linha 4 – Amarela,Operação normal,Operação Paralisada,
2026-01-15,04:48:41,Linha 5 – Lilás,Operação normal,Operação Paralisada,
2026-01-15,04:48:45,Linha 15 – Prata,Operação normal,Operação Paralisada,
2026-01-15,18:00:41,Linha 1 – Azul,Velocidade Reduzida,Operação normal,1 Azul Velocidade Reduzida
2026-01-15,18:00:41,Linha 3 – Vermelha,Velocidade Reduzida,Operação normal,3 Vermelha Velocidade Reduzida
2026-01-15,18:30:49,Linha 1 – Azul,Operação normal,Velocidade Reduzida,
2026-01-15,18:30:49,Linha 3 – Vermelha,Operação normal,Velocidade Reduzida,
2026-01-16,00:45:23,Linha 1 – Azul,Operação Paralisada,Operação normal,1 Azul Operação Encerrada
2026-01-16,00:45:24,Linha 2 – Verde,Operação Paralisada,Operação normal,2 Verde Operação Encerrada
2026-01-16,00:45:24,Linha 3 – Vermelha,Operação Paralisada,Operação normal,3 Vermelha Operação Encerrada
2026-01-16,00:45:25,Linha 4 – Amarela,Operação Paralisada,Operação normal,4 Amarela Operação Encerrada
2026-01-16,00:45:25,Linha 5 – Lilás,Operação Paralisada,Operação normal,5 Lilás Operação Encerrada
2026-01-16,00:45:29,Linha 15 – Prata,Operação Paralisada,Operação normal,15 Prata Operação Encerrada
2026-01-16,04:48:39,Linha 1 – Azul,Operação normal,Operação Paralisada,
2026-01-16,04:48:40,Linha 2 – Verde,Operação normal,Operação Paralisada,
2026-01-16,04:48:40,Linha 3 – Vermelha,Operação normal,Operação Paralisada,
2026-01-16,04:48:41,Linha 4 – Amarela,Operação normal,Operação Paralisada,
2026-01-16,04:48:41,Linha 5 – Lilás,Operação normal,Operação Paralisada,
2026-01-16,04:48:44,Linha 15 – Prata,Operação normal,Operação Paralisada,
